keyword,url,title,description,count,desc_lang,title_lang,web_title,web_title_lang,merged_text
accuweather,accuweather.com,"Hanoi, Hanoi, Vietnam Daily Weather | AccuWeather","Know what's coming with AccuWeather's extended daily forecasts for Hanoi, ...",10,en,en,"Local, National, & Global Daily Weather Forecast | AccuWeather",en,"Know what's coming with AccuWeather's extended daily forecasts for Hanoi, .... Local, National, & Global Daily Weather Forecast | AccuWeather"
accuweather,accuweather.com,"Hanoi, Hanoi, Vietnam Today, Tonight & Tomorrow's ... - AccuWeather","Get the forecast for today, tonight & tomorrow's weather for Hanoi, Hanoi, ...",10,en,en,"Local, National, & Global Daily Weather Forecast | AccuWeather",en,"Get the forecast for today, tonight & tomorrow's weather for Hanoi, Hanoi, .... Local, National, & Global Daily Weather Forecast | AccuWeather"
accuweather,accuweather.com,"Thời tiết hàng ngày ở Ha Hoi, Hà Nội, Việt Nam | AccuWeather","... with AccuWeather's extended daily forecasts for Ha Hoi, Hà Nội, Việt Nam.",10,en,vi,"Local, National, & Global Daily Weather Forecast | AccuWeather",en,"... with AccuWeather's extended daily forecasts for Ha Hoi, Hà Nội, Việt Nam.. Local, National, & Global Daily Weather Forecast | AccuWeather"
accuweather,accuweather.com,"Hanoi, Hanoi, Vietnam Hourly Weather | AccuWeather","Get the Hanoi, Hanoi, Vietnam local hourly forecast including temperature, ...",10,en,en,"Local, National, & Global Daily Weather Forecast | AccuWeather",en,"Get the Hanoi, Hanoi, Vietnam local hourly forecast including temperature, .... Local, National, & Global Daily Weather Forecast | AccuWeather"
accuweather,accuweather.com,"Dự báo thời tiết ba ngày ở Hà Nội, Hà Nội, Việt Nam | AccuWeather","Get the forecast for today, tonight & tomorrow's weather for Hà Nội, Hà Nội, Việt ...
  ·   ·   · ",10,en,vi,"Local, National, & Global Daily Weather Forecast | AccuWeather",en,"Get the forecast for today, tonight & tomorrow's weather for Hà Nội, Hà Nội, Việt ...
  ·   ·   · . Local, National, & Global Daily Weather Forecast | AccuWeather"
accuweather,accuweather.com,"AccuWeather: Local, National, & Global Daily Weather Forecast","AccuWeather has local and international weather forecasts from the most accurate weather forecasting technology featuring up to the minute weather reports.
  ·   ·   · ",10,en,en,"Local, National, & Global Daily Weather Forecast | AccuWeather",en,"AccuWeather has local and international weather forecasts from the most accurate weather forecasting technology featuring up to the minute weather reports.
  ·   ·   · . Local, National, & Global Daily Weather Forecast | AccuWeather"
accuweather,accuweather.com,"Thời tiết hàng giờ ở Hà Nội, Hà Nội, Việt Nam | AccuWeather",Theo giờ · Hàng ngày Tháng. 22 31/8. 84°. RealFeel® 95° Trăng mờ. rain drop  ...,10,vi,vi,"Local, National, & Global Daily Weather Forecast | AccuWeather",en,
accuweather,accuweather.com,"Thời tiết hàng giờ ở Hà Nội, Hà Nội, Việt Nam | AccuWeather","Get the Hà Nội, Hà Nội, Việt Nam local hourly forecast including temperature, ...",10,en,vi,"Local, National, & Global Daily Weather Forecast | AccuWeather",en,"Get the Hà Nội, Hà Nội, Việt Nam local hourly forecast including temperature, .... Local, National, & Global Daily Weather Forecast | AccuWeather"
accuweather,accuweather.com,"Thời tiết hàng ngày ở Hà Nội, Hà Nội, Việt Nam | AccuWeather","Know what's coming with AccuWeather's extended daily forecasts for Hà Nội, ...",10,en,vi,"Local, National, & Global Daily Weather Forecast | AccuWeather",en,"Know what's coming with AccuWeather's extended daily forecasts for Hà Nội, .... Local, National, & Global Daily Weather Forecast | AccuWeather"
accuweather,accuweather.com,Thời tiết hiện tại trên toàn quốc | AccuWeather,"Get the Việt Nam weather forecast. Access hourly, 10 day and 15 day forecasts ...",10,en,vi,"Local, National, & Global Daily Weather Forecast | AccuWeather",en,"Get the Việt Nam weather forecast. Access hourly, 10 day and 15 day forecasts .... Local, National, & Global Daily Weather Forecast | AccuWeather"
vietsov,vietsovpetroresort.com,VIETSOVPETRO RESORT – Nơi trải nghiệm sự tiện nghi và đẳng cấp,Vietsovpetro Resort. Discover a luxury by the sea!,7,en,vi,Login,it,
vietsov,vietsovpetroresort.com,VIETSOVPETRO RESORT – Nơi trải nghiệm sự tiện nghi và đẳng cấp,Vietsovpetro Resort. Discover a luxury by the sea!,7,en,vi,"
	
	Home

",en,Vietsovpetro Resort. Discover a luxury by the sea!. Home
vietsov,vietsov.com.vn,VSPCurrently selected - vietsovpetro,,7,,en,Login,it,
vietsov,vietsov.com.vn,VSPCurrently selected - vietsovpetro,,7,,en,"
	
	Home

",en,
vietsov,vietsov.com.vn,Home - vietsovpetro,Anodes cho xích của hệ thống neo tàu Vietsovpetro-01. Cập nhật lúc 31/08/2020 4:53:23 CH - Bên mời thầu: Bộ máy điều hành. Thời gian bán HSMT từ: ...,7,vi,sk,Login,it,
vietsov,vietsov.com.vn,Home - vietsovpetro,Anodes cho xích của hệ thống neo tàu Vietsovpetro-01. Cập nhật lúc 31/08/2020 4:53:23 CH - Bên mời thầu: Bộ máy điều hành. Thời gian bán HSMT từ: ...,7,vi,sk,"
	
	Home

",en,
vietsov,vietsov.com.vn,Đăng nhập hệ thống/Войдите в систему,Nhập tài khoản và mật khẩu./Введите свой аккаунт и пароль. Nhập tài khoản/ Войдите в свой аккаунт. Nhập tài khoản. Nhập mật khẩu/Введите пароль.,7,vi,vi,Login,it,
vietsov,vietsov.com.vn,Đăng nhập hệ thống/Войдите в систему,Nhập tài khoản và mật khẩu./Введите свой аккаунт и пароль. Nhập tài khoản/ Войдите в свой аккаунт. Nhập tài khoản. Nhập mật khẩu/Введите пароль.,7,vi,vi,"
	
	Home

",en,
vietsov,vietsov.com.vn,Login,We recommend that you use the lastest Chrome or Firefox browser for the best experience on this site. SIGN IN. The UserName is required. The Password is ...,7,en,it,Login,it,
vietsov,vietsov.com.vn,Login,We recommend that you use the lastest Chrome or Firefox browser for the best experience on this site. SIGN IN. The UserName is required. The Password is ...,7,en,it,"
	
	Home

",en,We recommend that you use the lastest Chrome or Firefox browser for the best experience on this site. SIGN IN. The UserName is required. The Password is .... Home
vietsov,vietsov.com.vn,TinTuc - Vietsovpetro,"Thực hiện kế hoạch hoạt động Hè năm 2020, sáng ngày 18/7/2020 tại Trung Tâm VH-TT Vietsovpetro, Ban chỉ đạo Hè Vietsovpetro đã tổ chức Khai mạc Hè ...",7,vi,lv,Login,it,
vietsov,vietsov.com.vn,TinTuc - Vietsovpetro,"Thực hiện kế hoạch hoạt động Hè năm 2020, sáng ngày 18/7/2020 tại Trung Tâm VH-TT Vietsovpetro, Ban chỉ đạo Hè Vietsovpetro đã tổ chức Khai mạc Hè ...",7,vi,lv,"
	
	Home

",en,
vietsov,wikipedia.org,Liên doanh Việt-Nga Vietsovpetro – Wikipedia tiếng Việt,"Theo bảng xếp hạng VNR500 (Top 500), Vietsovpetro là công ty lớn thứ 5 tại Việt Nam. Mục lục. 1 Lịch sử ...

Doanh thu:  
Công ty mẹ:  
Thành lập:  
Trụ sở chính: ",7,vi,vi,Login,it,
vietsov,wikipedia.org,Liên doanh Việt-Nga Vietsovpetro – Wikipedia tiếng Việt,"Theo bảng xếp hạng VNR500 (Top 500), Vietsovpetro là công ty lớn thứ 5 tại Việt Nam. Mục lục. 1 Lịch sử ...

Doanh thu:  
Công ty mẹ:  
Thành lập:  
Trụ sở chính: ",7,vi,vi,"
	
	Home

",en,
genieessp,geniee.jp,GenieeSSP,GenieeSSP : 新規利用申し込み. 日本語; 英語 · 簡体字 · 繁体字. メールアドレス登録; 確認メールのご送付; パスワード設定; 基本情報の登録; 完了 ...,7,ja,de,Welcome to nginx!,en,
genieessp,genieessp.com,Geniee SSP,login failed. User name. Password. Forgot Password.,7,en,de,Welcome to nginx!,en,login failed. User name. Password. Forgot Password.. Welcome to nginx!
genieessp,genieessp.com,Geniee SSP,"A confirmation e-mail will be sent to your registered e-mail address. Access to the URL that was in the email, please register password and account information.",7,en,de,Welcome to nginx!,en,"A confirmation e-mail will be sent to your registered e-mail address. Access to the URL that was in the email, please register password and account information.. Welcome to nginx!"
genieessp,geniee.co.jp,"GenieeSSP | 株式会社ジーニー Geniee,Inc.",ニュース ｢GenieeSSP｣の特長/ POINT /. マルチデバイスと豊富な広告フォーマット. ネイティブアド、オーバーレイなど、マルチメディアに対応した豊富な広告 ...,7,ja,de,Welcome to nginx!,en,
genieessp,geniee.co.jp,"Geniee,Inc.",with a Leading Technology. Ad-venture the Future. Impressions: 0. GenieeSSP; Worldwide. Geniee ...,7,en,de,Welcome to nginx!,en,with a Leading Technology. Ad-venture the Future. Impressions: 0. GenieeSSP; Worldwide. Geniee .... Welcome to nginx!
genieessp,geniee.vn,Geniee Vietnam,GenieeSSP is an advertising platform helps Publisher optimize revenue per impression. GenieeSSP suceeds in bringing the sustainable revenue development ...,7,en,de,Welcome to nginx!,en,GenieeSSP is an advertising platform helps Publisher optimize revenue per impression. GenieeSSP suceeds in bringing the sustainable revenue development .... Welcome to nginx!
genieessp,geniee.jp,GenieeSSP,login failed. User name. Password. Forgot Password.,7,en,de,Welcome to nginx!,en,login failed. User name. Password. Forgot Password.. Welcome to nginx!
vnpt,vnpt.vn,ĐĂNG NHẬP - VNPT VinaPhone Hà Nội,"Quản lý thông tin khách hàng, hợp đồng và tất cả dịch vụ trực tuyến VNPT VinaPhone Hà Nội khách hàng đang sử dụng. Đăng ký nâng cấp, mua mới dịch vụ, ...",6,vi,vi,VNPT VinaPhone Hà Nội,vi,"Quản lý thông tin khách hàng, hợp đồng và tất cả dịch vụ trực tuyến VNPT VinaPhone Hà Nội khách hàng đang sử dụng. Đăng ký nâng cấp, mua mới dịch vụ, .... VNPT VinaPhone Hà Nội"
vnpt,vnpt.vn,ĐĂNG NHẬP - VNPT VinaPhone Hà Nội,"Quản lý thông tin khách hàng, hợp đồng và tất cả dịch vụ trực tuyến VNPT VinaPhone Hà Nội khách hàng đang sử dụng. Đăng ký nâng cấp, mua mới dịch vụ, ...",6,vi,vi,Tập đoàn Bưu chính Viễn thông Việt Nam - VNPT,vi,"Quản lý thông tin khách hàng, hợp đồng và tất cả dịch vụ trực tuyến VNPT VinaPhone Hà Nội khách hàng đang sử dụng. Đăng ký nâng cấp, mua mới dịch vụ, .... Tập đoàn Bưu chính Viễn thông Việt Nam - VNPT"
vnpt,vnpt.vn,ĐĂNG NHẬP - VNPT VinaPhone Hà Nội,"Quản lý thông tin khách hàng, hợp đồng và tất cả dịch vụ trực tuyến VNPT VinaPhone Hà Nội khách hàng đang sử dụng. Đăng ký nâng cấp, mua mới dịch vụ, ...",6,vi,vi,TRUNG TÂM KINH DOANH VNPT HÀ NỘI,vi,"Quản lý thông tin khách hàng, hợp đồng và tất cả dịch vụ trực tuyến VNPT VinaPhone Hà Nội khách hàng đang sử dụng. Đăng ký nâng cấp, mua mới dịch vụ, .... TRUNG TÂM KINH DOANH VNPT HÀ NỘI"
vnpt,vnpt.com.vn,VNPT: Tập đoàn Bưu chính Viễn thông Việt ...,Tập đoàn Bưu chính Viễn thông Việt Nam chuyên đầu tư & kinh doanh trong lĩnh vực viễn thông: thuê bao điện thoại + Internt + truyền hình.v.v.v cho Cá nhân ...,6,vi,vi,VNPT VinaPhone Hà Nội,vi,Tập đoàn Bưu chính Viễn thông Việt Nam chuyên đầu tư & kinh doanh trong lĩnh vực viễn thông: thuê bao điện thoại + Internt + truyền hình.v.v.v cho Cá nhân .... VNPT VinaPhone Hà Nội
vnpt,vnpt.com.vn,VNPT: Tập đoàn Bưu chính Viễn thông Việt ...,Tập đoàn Bưu chính Viễn thông Việt Nam chuyên đầu tư & kinh doanh trong lĩnh vực viễn thông: thuê bao điện thoại + Internt + truyền hình.v.v.v cho Cá nhân ...,6,vi,vi,Tập đoàn Bưu chính Viễn thông Việt Nam - VNPT,vi,Tập đoàn Bưu chính Viễn thông Việt Nam chuyên đầu tư & kinh doanh trong lĩnh vực viễn thông: thuê bao điện thoại + Internt + truyền hình.v.v.v cho Cá nhân .... Tập đoàn Bưu chính Viễn thông Việt Nam - VNPT
vnpt,vnpt.com.vn,VNPT: Tập đoàn Bưu chính Viễn thông Việt ...,Tập đoàn Bưu chính Viễn thông Việt Nam chuyên đầu tư & kinh doanh trong lĩnh vực viễn thông: thuê bao điện thoại + Internt + truyền hình.v.v.v cho Cá nhân ...,6,vi,vi,TRUNG TÂM KINH DOANH VNPT HÀ NỘI,vi,Tập đoàn Bưu chính Viễn thông Việt Nam chuyên đầu tư & kinh doanh trong lĩnh vực viễn thông: thuê bao điện thoại + Internt + truyền hình.v.v.v cho Cá nhân .... TRUNG TÂM KINH DOANH VNPT HÀ NỘI
vnpt,banhangvnpt.vn,TRUNG TÂM KINH DOANH VNPT HÀ NỘI,"VNPT, VNPT Hà Nội, Truyền hình MyTV, Mạng VNPT, Internet VNPT, Đăng ký Internet, FiberVNN - Website chính thức của VNPT Hà Nội.",6,vi,vi,VNPT VinaPhone Hà Nội,vi,"VNPT, VNPT Hà Nội, Truyền hình MyTV, Mạng VNPT, Internet VNPT, Đăng ký Internet, FiberVNN - Website chính thức của VNPT Hà Nội.. VNPT VinaPhone Hà Nội"
vnpt,banhangvnpt.vn,TRUNG TÂM KINH DOANH VNPT HÀ NỘI,"VNPT, VNPT Hà Nội, Truyền hình MyTV, Mạng VNPT, Internet VNPT, Đăng ký Internet, FiberVNN - Website chính thức của VNPT Hà Nội.",6,vi,vi,Tập đoàn Bưu chính Viễn thông Việt Nam - VNPT,vi,"VNPT, VNPT Hà Nội, Truyền hình MyTV, Mạng VNPT, Internet VNPT, Đăng ký Internet, FiberVNN - Website chính thức của VNPT Hà Nội.. Tập đoàn Bưu chính Viễn thông Việt Nam - VNPT"
vnpt,banhangvnpt.vn,TRUNG TÂM KINH DOANH VNPT HÀ NỘI,"VNPT, VNPT Hà Nội, Truyền hình MyTV, Mạng VNPT, Internet VNPT, Đăng ký Internet, FiberVNN - Website chính thức của VNPT Hà Nội.",6,vi,vi,TRUNG TÂM KINH DOANH VNPT HÀ NỘI,vi,"VNPT, VNPT Hà Nội, Truyền hình MyTV, Mạng VNPT, Internet VNPT, Đăng ký Internet, FiberVNN - Website chính thức của VNPT Hà Nội.. TRUNG TÂM KINH DOANH VNPT HÀ NỘI"
vnpt,vnpt.vn,Tổng đài chăm sóc khách hàng VNPT tại Hà Nội sẽ sử dụng duy ...,"Với mục tiêu nâng cao hơn nữa chất lượng chăm sóc khách hàng, từ ngày 05/06/ 2020, VNPT trên địa bàn Hà Nội chính thức ngừng số 024.800126 và chỉ sử ...",6,vi,vi,VNPT VinaPhone Hà Nội,vi,"Với mục tiêu nâng cao hơn nữa chất lượng chăm sóc khách hàng, từ ngày 05/06/ 2020, VNPT trên địa bàn Hà Nội chính thức ngừng số 024.800126 và chỉ sử .... VNPT VinaPhone Hà Nội"
vnpt,vnpt.vn,Tổng đài chăm sóc khách hàng VNPT tại Hà Nội sẽ sử dụng duy ...,"Với mục tiêu nâng cao hơn nữa chất lượng chăm sóc khách hàng, từ ngày 05/06/ 2020, VNPT trên địa bàn Hà Nội chính thức ngừng số 024.800126 và chỉ sử ...",6,vi,vi,Tập đoàn Bưu chính Viễn thông Việt Nam - VNPT,vi,"Với mục tiêu nâng cao hơn nữa chất lượng chăm sóc khách hàng, từ ngày 05/06/ 2020, VNPT trên địa bàn Hà Nội chính thức ngừng số 024.800126 và chỉ sử .... Tập đoàn Bưu chính Viễn thông Việt Nam - VNPT"
vnpt,vnpt.vn,Tổng đài chăm sóc khách hàng VNPT tại Hà Nội sẽ sử dụng duy ...,"Với mục tiêu nâng cao hơn nữa chất lượng chăm sóc khách hàng, từ ngày 05/06/ 2020, VNPT trên địa bàn Hà Nội chính thức ngừng số 024.800126 và chỉ sử ...",6,vi,vi,TRUNG TÂM KINH DOANH VNPT HÀ NỘI,vi,"Với mục tiêu nâng cao hơn nữa chất lượng chăm sóc khách hàng, từ ngày 05/06/ 2020, VNPT trên địa bàn Hà Nội chính thức ngừng số 024.800126 và chỉ sử .... TRUNG TÂM KINH DOANH VNPT HÀ NỘI"
vnpt,wikipedia.org,Tập đoàn Bưu chính Viễn thông Việt Nam – Wikipedia tiếng Việt,"Tập đoàn Bưu chính Viễn thông Việt Nam (tên giao dịch quốc tế: Vietnam Posts and Telecommunications Group, viết tắt: VNPT) là một doanh nghiệp nhà nước ...",6,vi,vi,VNPT VinaPhone Hà Nội,vi,"Tập đoàn Bưu chính Viễn thông Việt Nam (tên giao dịch quốc tế: Vietnam Posts and Telecommunications Group, viết tắt: VNPT) là một doanh nghiệp nhà nước .... VNPT VinaPhone Hà Nội"
vnpt,wikipedia.org,Tập đoàn Bưu chính Viễn thông Việt Nam – Wikipedia tiếng Việt,"Tập đoàn Bưu chính Viễn thông Việt Nam (tên giao dịch quốc tế: Vietnam Posts and Telecommunications Group, viết tắt: VNPT) là một doanh nghiệp nhà nước ...",6,vi,vi,Tập đoàn Bưu chính Viễn thông Việt Nam - VNPT,vi,"Tập đoàn Bưu chính Viễn thông Việt Nam (tên giao dịch quốc tế: Vietnam Posts and Telecommunications Group, viết tắt: VNPT) là một doanh nghiệp nhà nước .... Tập đoàn Bưu chính Viễn thông Việt Nam - VNPT"
vnpt,wikipedia.org,Tập đoàn Bưu chính Viễn thông Việt Nam – Wikipedia tiếng Việt,"Tập đoàn Bưu chính Viễn thông Việt Nam (tên giao dịch quốc tế: Vietnam Posts and Telecommunications Group, viết tắt: VNPT) là một doanh nghiệp nhà nước ...",6,vi,vi,TRUNG TÂM KINH DOANH VNPT HÀ NỘI,vi,"Tập đoàn Bưu chính Viễn thông Việt Nam (tên giao dịch quốc tế: Vietnam Posts and Telecommunications Group, viết tắt: VNPT) là một doanh nghiệp nhà nước .... TRUNG TÂM KINH DOANH VNPT HÀ NỘI"
vnpt,vnpttphcm.com.vn,VNPT TP.Hồ Chí Minh,"Tư vấn lắp đặt dịch vụ viễn thông VNPT ở Tp Hồ Chí Minh, Làm Hợp Đồng Tại Nhà, lắp đặt nhanh chống, Liên Hệ: 0941773777.",6,vi,vi,VNPT VinaPhone Hà Nội,vi,"Tư vấn lắp đặt dịch vụ viễn thông VNPT ở Tp Hồ Chí Minh, Làm Hợp Đồng Tại Nhà, lắp đặt nhanh chống, Liên Hệ: 0941773777.. VNPT VinaPhone Hà Nội"
vnpt,vnpttphcm.com.vn,VNPT TP.Hồ Chí Minh,"Tư vấn lắp đặt dịch vụ viễn thông VNPT ở Tp Hồ Chí Minh, Làm Hợp Đồng Tại Nhà, lắp đặt nhanh chống, Liên Hệ: 0941773777.",6,vi,vi,Tập đoàn Bưu chính Viễn thông Việt Nam - VNPT,vi,"Tư vấn lắp đặt dịch vụ viễn thông VNPT ở Tp Hồ Chí Minh, Làm Hợp Đồng Tại Nhà, lắp đặt nhanh chống, Liên Hệ: 0941773777.. Tập đoàn Bưu chính Viễn thông Việt Nam - VNPT"
vnpt,vnpttphcm.com.vn,VNPT TP.Hồ Chí Minh,"Tư vấn lắp đặt dịch vụ viễn thông VNPT ở Tp Hồ Chí Minh, Làm Hợp Đồng Tại Nhà, lắp đặt nhanh chống, Liên Hệ: 0941773777.",6,vi,vi,TRUNG TÂM KINH DOANH VNPT HÀ NỘI,vi,"Tư vấn lắp đặt dịch vụ viễn thông VNPT ở Tp Hồ Chí Minh, Làm Hợp Đồng Tại Nhà, lắp đặt nhanh chống, Liên Hệ: 0941773777.. TRUNG TÂM KINH DOANH VNPT HÀ NỘI"